--################
-- Insert users
--################
INSERT INTO users (created_date, id, last_modified_date, email, name, password) VALUES
                                                                                    (NOW(), '018d4f1a-5b03-71d4-a716-446655440001', NOW(), 'john.doe@example.com', 'John', '$2a$10$jffLzQglZFxgmWZnowGHVOonKz23d98sGmUvb4Mkr1TYjFa54C.Dy'),
                                                                                    (NOW(), '018d4f1a-5b03-71d4-a716-446655440002', NOW(), 'jane.smith@example.com', 'Jane', '$2a$10$z1WEUVqtwdO7qW1enYaQxeP5kVJrQWU/eaxTZP4o3/xCwBOfXe/nS'),
                                                                                    (NOW(), '018d4f1a-5b03-71d4-a716-446655440003', NOW(), 'mike.johnson@example.com', 'Mike', '$2a$10$DbWcjZTeLurHvWjB4Vq32uOA82YeUIS0XWHVdZ3zNa13W4NJj.ff.'),
                                                                                    (NOW(), '018d4f1a-5b03-71d4-a716-446655440004', NOW(), 'sarah.williams@example.com', 'Sarah', '$2a$10$VsAlph6j0w0IPflwq9umCuZHvRMUjbasPYeG/.R0NXNH.DNOPXP/2'),
                                                                                    (NOW(), '018d4f1a-5b03-71d4-a716-446655440005', NOW(), 'david.brown@example.com', 'David', '$2a$10$G.31YSoEEpL71aRIkQj1qOw1iuhLoxmW61eWAHPjyQD.ZxcNqgOuS');

--################
-- Insert authors
--################
INSERT INTO authors (created_date, id, last_modified_date, name) VALUES
                                                                     (NOW(), '018d4f1a-5b03-71d4-b001-000000000001', NOW(), 'Joshua Bloch'),
                                                                     (NOW(), '018d4f1a-5b03-71d4-b001-000000000002', NOW(), 'Craig Walls'),
                                                                     (NOW(), '018d4f1a-5b03-71d4-b001-000000000003', NOW(), 'Robert C. Martin');

--################
-- Insert books
--################
INSERT INTO books (year_of_release, created_date, id, last_modified_date, description, condition, isbn, title) VALUES
                                                                                                                   (2018, NOW(), '018d4f1a-5b03-71d4-c001-000000000001', NOW(), 'Best practices for the Java platform.', 'NEW', '9780134685991', 'Effective Java'),
                                                                                                                   (2018, NOW(), '018d4f1a-5b03-71d4-c001-000000000002', NOW(), 'Comprehensive guide to Spring Framework.', 'AS_NEW', '9781617294945', 'Spring in Action'),
                                                                                                                   (2008, NOW(), '018d4f1a-5b03-71d4-c001-000000000003', NOW(), 'A Handbook of Agile Software Craftsmanship.', 'USED', '9780132350884', 'Clean Code');

--################
-- Relations (Books-Authors)
--################
INSERT INTO books_authors (author_id, book_id) VALUES
                                                   ('018d4f1a-5b03-71d4-b001-000000000001', '018d4f1a-5b03-71d4-c001-000000000001'), -- Bloch -> Effective Java
                                                   ('018d4f1a-5b03-71d4-b001-000000000002', '018d4f1a-5b03-71d4-c001-000000000002'), -- Walls -> Spring in Action
                                                   ('018d4f1a-5b03-71d4-b001-000000000003', '018d4f1a-5b03-71d4-c001-000000000003'); -- Martin -> Clean Code

--################
-- Insert books_images
--################
INSERT INTO books_images (created_date, last_modified_date, book_id, id, path) VALUES
    (NOW(), NOW(), '018d4f1a-5b03-71d4-c001-000000000001', '018d4f1a-5b03-71d4-f001-000000000001', '/img/book/028d09aef7906c78c5f384805002e15361c3598ec9416c56cd30908c29e7970d.jpg'),
    (NOW(), NOW(), '018d4f1a-5b03-71d4-c001-000000000001', '018d4f1a-5b03-71d4-f001-000000000002', '/img/book/1a579e553ad3e3c1cdac531f2ce6643b693f47f3a39c43a149e4c4f6467c8a8c.png'),
    (NOW(), NOW(), '018d4f1a-5b03-71d4-c001-000000000002', '018d4f1a-5b03-71d4-f001-000000000003', '/img/book/25b185a05c72ad1df850fabb3b5d4ef64fb7847740726a0eeab9fac7f77e87c8.jpg'),
    (NOW(), NOW(), '018d4f1a-5b03-71d4-c001-000000000002', '018d4f1a-5b03-71d4-f001-000000000004', '/img/book/27f819f519129ae48de8b19f2d7fbd86df09f1bed1ab7c8661b406b03d3d54b6.jpg'),
    (NOW(), NOW(), '018d4f1a-5b03-71d4-c001-000000000003', '018d4f1a-5b03-71d4-f001-000000000005', '/img/book/256b4414d8991e4ee343be023a7ef6e4687284283e2ac36905e60508f731f75e.jpg'),
    (NOW(), NOW(), '018d4f1a-5b03-71d4-c001-000000000003', '018d4f1a-5b03-71d4-f001-000000000006', '/img/book/29298220e7448bf7baa8ffe74a281606c2abaf4ac70b8ffa3500135d5a48b9fd.jpg');

--################
-- Insert offers
--################
INSERT INTO offers (price, book_id, created_date, id, last_modified_date, seller_id, description, status, type) VALUES
    (45.99, '018d4f1a-5b03-71d4-c001-000000000001', NOW(), '018d4f1a-5b03-71d4-e001-000000000001', NOW(), '018d4f1a-5b03-71d4-a716-446655440001', 'Like new condition', 'OPEN', 'SELL');

--################
-- Demo books with all images
--################
INSERT INTO authors (created_date, id, last_modified_date, name) VALUES (NOW(), '019e0000-0000-7000-a000-000000000001', NOW(), 'F. Scott Fitzgerald') ON CONFLICT (name) DO NOTHING;
INSERT INTO books (year_of_release, created_date, id, last_modified_date, description, condition, isbn, title) VALUES (1925, NOW(), '019e0000-0000-7000-b000-000000000001', NOW(), 'Classic novel of the Jazz Age.', 'NEW', '9780000000000', 'The Great Gatsby') ON CONFLICT (id) DO NOTHING;
INSERT INTO books_authors (author_id, book_id) SELECT '019e0000-0000-7000-a000-000000000001', '019e0000-0000-7000-b000-000000000001' WHERE NOT EXISTS (SELECT 1 FROM books_authors WHERE author_id='019e0000-0000-7000-a000-000000000001' AND book_id='019e0000-0000-7000-b000-000000000001');
INSERT INTO offers (price, book_id, created_date, id, last_modified_date, seller_id, description, status, type) VALUES (50.00, '019e0000-0000-7000-b000-000000000001', NOW(), '019e0000-0000-7000-e000-000000000001', NOW(), '018d4f1a-5b03-71d4-a716-446655440001', 'Good condition book', 'OPEN', 'SELL') ON CONFLICT (id) DO NOTHING;
INSERT INTO authors (created_date, id, last_modified_date, name) VALUES (NOW(), '019e0001-0000-7000-a000-000000000001', NOW(), 'Harper Lee') ON CONFLICT (name) DO NOTHING;
INSERT INTO books (year_of_release, created_date, id, last_modified_date, description, condition, isbn, title) VALUES (1960, NOW(), '019e0001-0000-7000-b000-000000000001', NOW(), 'A story of racial injustice in the South.', 'AS_NEW', '9780000000001', 'To Kill a Mockingbird') ON CONFLICT (id) DO NOTHING;
INSERT INTO books_authors (author_id, book_id) SELECT '019e0001-0000-7000-a000-000000000001', '019e0001-0000-7000-b000-000000000001' WHERE NOT EXISTS (SELECT 1 FROM books_authors WHERE author_id='019e0001-0000-7000-a000-000000000001' AND book_id='019e0001-0000-7000-b000-000000000001');
INSERT INTO offers (price, book_id, created_date, id, last_modified_date, seller_id, description, status, type) VALUES (60.00, '019e0001-0000-7000-b000-000000000001', NOW(), '019e0001-0000-7000-e000-000000000001', NOW(), '018d4f1a-5b03-71d4-a716-446655440001', 'Good condition book', 'OPEN', 'SELL') ON CONFLICT (id) DO NOTHING;
INSERT INTO authors (created_date, id, last_modified_date, name) VALUES (NOW(), '019e0002-0000-7000-a000-000000000001', NOW(), 'George Orwell') ON CONFLICT (name) DO NOTHING;
INSERT INTO books (year_of_release, created_date, id, last_modified_date, description, condition, isbn, title) VALUES (1949, NOW(), '019e0002-0000-7000-b000-000000000001', NOW(), 'Dystopian novel about totalitarianism.', 'USED', '9780000000002', '1984') ON CONFLICT (id) DO NOTHING;
INSERT INTO books_authors (author_id, book_id) SELECT '019e0002-0000-7000-a000-000000000001', '019e0002-0000-7000-b000-000000000001' WHERE NOT EXISTS (SELECT 1 FROM books_authors WHERE author_id='019e0002-0000-7000-a000-000000000001' AND book_id='019e0002-0000-7000-b000-000000000001');
INSERT INTO offers (price, book_id, created_date, id, last_modified_date, seller_id, description, status, type) VALUES (70.00, '019e0002-0000-7000-b000-000000000001', NOW(), '019e0002-0000-7000-e000-000000000001', NOW(), '018d4f1a-5b03-71d4-a716-446655440001', 'Good condition book', 'OPEN', 'SELL') ON CONFLICT (id) DO NOTHING;
INSERT INTO authors (created_date, id, last_modified_date, name) VALUES (NOW(), '019e0003-0000-7000-a000-000000000001', NOW(), 'Jane Austen') ON CONFLICT (name) DO NOTHING;
INSERT INTO books (year_of_release, created_date, id, last_modified_date, description, condition, isbn, title) VALUES (1813, NOW(), '019e0003-0000-7000-b000-000000000001', NOW(), 'Romantic novel of manners.', 'AS_NEW', '9780000000003', 'Pride and Prejudice') ON CONFLICT (id) DO NOTHING;
INSERT INTO books_authors (author_id, book_id) SELECT '019e0003-0000-7000-a000-000000000001', '019e0003-0000-7000-b000-000000000001' WHERE NOT EXISTS (SELECT 1 FROM books_authors WHERE author_id='019e0003-0000-7000-a000-000000000001' AND book_id='019e0003-0000-7000-b000-000000000001');
INSERT INTO offers (price, book_id, created_date, id, last_modified_date, seller_id, description, status, type) VALUES (80.00, '019e0003-0000-7000-b000-000000000001', NOW(), '019e0003-0000-7000-e000-000000000001', NOW(), '018d4f1a-5b03-71d4-a716-446655440001', 'Good condition book', 'OPEN', 'SELL') ON CONFLICT (id) DO NOTHING;
INSERT INTO authors (created_date, id, last_modified_date, name) VALUES (NOW(), '019e0004-0000-7000-a000-000000000001', NOW(), 'J.R.R. Tolkien') ON CONFLICT (name) DO NOTHING;
INSERT INTO books (year_of_release, created_date, id, last_modified_date, description, condition, isbn, title) VALUES (1937, NOW(), '019e0004-0000-7000-b000-000000000001', NOW(), 'Fantasy adventure in Middle-earth.', 'NEW', '9780000000004', 'The Hobbit') ON CONFLICT (id) DO NOTHING;
INSERT INTO books_authors (author_id, book_id) SELECT '019e0004-0000-7000-a000-000000000001', '019e0004-0000-7000-b000-000000000001' WHERE NOT EXISTS (SELECT 1 FROM books_authors WHERE author_id='019e0004-0000-7000-a000-000000000001' AND book_id='019e0004-0000-7000-b000-000000000001');
INSERT INTO offers (price, book_id, created_date, id, last_modified_date, seller_id, description, status, type) VALUES (90.00, '019e0004-0000-7000-b000-000000000001', NOW(), '019e0004-0000-7000-e000-000000000001', NOW(), '018d4f1a-5b03-71d4-a716-446655440001', 'Good condition book', 'OPEN', 'SELL') ON CONFLICT (id) DO NOTHING;
INSERT INTO authors (created_date, id, last_modified_date, name) VALUES (NOW(), '019e0005-0000-7000-a000-000000000001', NOW(), 'J.K. Rowling') ON CONFLICT (name) DO NOTHING;
INSERT INTO books (year_of_release, created_date, id, last_modified_date, description, condition, isbn, title) VALUES (1997, NOW(), '019e0005-0000-7000-b000-000000000001', NOW(), 'Young wizard at Hogwarts School.', 'AS_NEW', '9780000000005', 'Harry Potter') ON CONFLICT (id) DO NOTHING;
INSERT INTO books_authors (author_id, book_id) SELECT '019e0005-0000-7000-a000-000000000001', '019e0005-0000-7000-b000-000000000001' WHERE NOT EXISTS (SELECT 1 FROM books_authors WHERE author_id='019e0005-0000-7000-a000-000000000001' AND book_id='019e0005-0000-7000-b000-000000000001');
INSERT INTO offers (price, book_id, created_date, id, last_modified_date, seller_id, description, status, type) VALUES (100.00, '019e0005-0000-7000-b000-000000000001', NOW(), '019e0005-0000-7000-e000-000000000001', NOW(), '018d4f1a-5b03-71d4-a716-446655440001', 'Good condition book', 'OPEN', 'SELL') ON CONFLICT (id) DO NOTHING;
INSERT INTO authors (created_date, id, last_modified_date, name) VALUES (NOW(), '019e0006-0000-7000-a000-000000000001', NOW(), 'Paulo Coelho') ON CONFLICT (name) DO NOTHING;
INSERT INTO books (year_of_release, created_date, id, last_modified_date, description, condition, isbn, title) VALUES (1988, NOW(), '019e0006-0000-7000-b000-000000000001', NOW(), 'Philosophical novel about personal legends.', 'NEW', '9780000000006', 'The Alchemist') ON CONFLICT (id) DO NOTHING;
INSERT INTO books_authors (author_id, book_id) SELECT '019e0006-0000-7000-a000-000000000001', '019e0006-0000-7000-b000-000000000001' WHERE NOT EXISTS (SELECT 1 FROM books_authors WHERE author_id='019e0006-0000-7000-a000-000000000001' AND book_id='019e0006-0000-7000-b000-000000000001');
INSERT INTO offers (price, book_id, created_date, id, last_modified_date, seller_id, description, status, type) VALUES (110.00, '019e0006-0000-7000-b000-000000000001', NOW(), '019e0006-0000-7000-e000-000000000001', NOW(), '018d4f1a-5b03-71d4-a716-446655440001', 'Good condition book', 'OPEN', 'SELL') ON CONFLICT (id) DO NOTHING;
INSERT INTO authors (created_date, id, last_modified_date, name) VALUES (NOW(), '019e0007-0000-7000-a000-000000000001', NOW(), 'Aldous Huxley') ON CONFLICT (name) DO NOTHING;
INSERT INTO books (year_of_release, created_date, id, last_modified_date, description, condition, isbn, title) VALUES (1932, NOW(), '019e0007-0000-7000-b000-000000000001', NOW(), 'Science fiction dystopian novel.', 'USED', '9780000000007', 'Brave New World') ON CONFLICT (id) DO NOTHING;
INSERT INTO books_authors (author_id, book_id) SELECT '019e0007-0000-7000-a000-000000000001', '019e0007-0000-7000-b000-000000000001' WHERE NOT EXISTS (SELECT 1 FROM books_authors WHERE author_id='019e0007-0000-7000-a000-000000000001' AND book_id='019e0007-0000-7000-b000-000000000001');
INSERT INTO offers (price, book_id, created_date, id, last_modified_date, seller_id, description, status, type) VALUES (120.00, '019e0007-0000-7000-b000-000000000001', NOW(), '019e0007-0000-7000-e000-000000000001', NOW(), '018d4f1a-5b03-71d4-a716-446655440001', 'Good condition book', 'OPEN', 'SELL') ON CONFLICT (id) DO NOTHING;
INSERT INTO authors (created_date, id, last_modified_date, name) VALUES (NOW(), '019e0008-0000-7000-a000-000000000001', NOW(), 'J.D. Salinger') ON CONFLICT (name) DO NOTHING;
INSERT INTO books (year_of_release, created_date, id, last_modified_date, description, condition, isbn, title) VALUES (1951, NOW(), '019e0008-0000-7000-b000-000000000001', NOW(), 'Novel about teenage alienation.', 'AS_NEW', '9780000000008', 'The Catcher in the Rye') ON CONFLICT (id) DO NOTHING;
INSERT INTO books_authors (author_id, book_id) SELECT '019e0008-0000-7000-a000-000000000001', '019e0008-0000-7000-b000-000000000001' WHERE NOT EXISTS (SELECT 1 FROM books_authors WHERE author_id='019e0008-0000-7000-a000-000000000001' AND book_id='019e0008-0000-7000-b000-000000000001');
INSERT INTO offers (price, book_id, created_date, id, last_modified_date, seller_id, description, status, type) VALUES (130.00, '019e0008-0000-7000-b000-000000000001', NOW(), '019e0008-0000-7000-e000-000000000001', NOW(), '018d4f1a-5b03-71d4-a716-446655440001', 'Good condition book', 'OPEN', 'SELL') ON CONFLICT (id) DO NOTHING;
INSERT INTO authors (created_date, id, last_modified_date, name) VALUES (NOW(), '019e0009-0000-7000-a000-000000000001', NOW(), 'Fyodor Dostoevsky') ON CONFLICT (name) DO NOTHING;
INSERT INTO books (year_of_release, created_date, id, last_modified_date, description, condition, isbn, title) VALUES (1866, NOW(), '019e0009-0000-7000-b000-000000000001', NOW(), 'Psychological novel about guilt.', 'NEW', '9780000000009', 'Crime and Punishment') ON CONFLICT (id) DO NOTHING;
INSERT INTO books_authors (author_id, book_id) SELECT '019e0009-0000-7000-a000-000000000001', '019e0009-0000-7000-b000-000000000001' WHERE NOT EXISTS (SELECT 1 FROM books_authors WHERE author_id='019e0009-0000-7000-a000-000000000001' AND book_id='019e0009-0000-7000-b000-000000000001');
INSERT INTO offers (price, book_id, created_date, id, last_modified_date, seller_id, description, status, type) VALUES (140.00, '019e0009-0000-7000-b000-000000000001', NOW(), '019e0009-0000-7000-e000-000000000001', NOW(), '018d4f1a-5b03-71d4-a716-446655440001', 'Good condition book', 'OPEN', 'SELL') ON CONFLICT (id) DO NOTHING;
INSERT INTO authors (created_date, id, last_modified_date, name) VALUES (NOW(), '019e0010-0000-7000-a000-000000000001', NOW(), 'J.R.R. Tolkien Jr') ON CONFLICT (name) DO NOTHING;
INSERT INTO books (year_of_release, created_date, id, last_modified_date, description, condition, isbn, title) VALUES (1954, NOW(), '019e0010-0000-7000-b000-000000000001', NOW(), 'Epic fantasy trilogy.', 'USED', '9780000000010', 'The Lord of the Rings') ON CONFLICT (id) DO NOTHING;
INSERT INTO books_authors (author_id, book_id) SELECT '019e0010-0000-7000-a000-000000000001', '019e0010-0000-7000-b000-000000000001' WHERE NOT EXISTS (SELECT 1 FROM books_authors WHERE author_id='019e0010-0000-7000-a000-000000000001' AND book_id='019e0010-0000-7000-b000-000000000001');
INSERT INTO offers (price, book_id, created_date, id, last_modified_date, seller_id, description, status, type) VALUES (150.00, '019e0010-0000-7000-b000-000000000001', NOW(), '019e0010-0000-7000-e000-000000000001', NOW(), '018d4f1a-5b03-71d4-a716-446655440001', 'Good condition book', 'OPEN', 'SELL') ON CONFLICT (id) DO NOTHING;
INSERT INTO authors (created_date, id, last_modified_date, name) VALUES (NOW(), '019e0011-0000-7000-a000-000000000001', NOW(), 'Frank Herbert') ON CONFLICT (name) DO NOTHING;
INSERT INTO books (year_of_release, created_date, id, last_modified_date, description, condition, isbn, title) VALUES (1965, NOW(), '019e0011-0000-7000-b000-000000000001', NOW(), 'Science fiction masterpiece.', 'NEW', '9780000000011', 'Dune') ON CONFLICT (id) DO NOTHING;
INSERT INTO books_authors (author_id, book_id) SELECT '019e0011-0000-7000-a000-000000000001', '019e0011-0000-7000-b000-000000000001' WHERE NOT EXISTS (SELECT 1 FROM books_authors WHERE author_id='019e0011-0000-7000-a000-000000000001' AND book_id='019e0011-0000-7000-b000-000000000001');
INSERT INTO offers (price, book_id, created_date, id, last_modified_date, seller_id, description, status, type) VALUES (160.00, '019e0011-0000-7000-b000-000000000001', NOW(), '019e0011-0000-7000-e000-000000000001', NOW(), '018d4f1a-5b03-71d4-a716-446655440001', 'Good condition book', 'OPEN', 'SELL') ON CONFLICT (id) DO NOTHING;
INSERT INTO authors (created_date, id, last_modified_date, name) VALUES (NOW(), '019e0012-0000-7000-a000-000000000001', NOW(), 'Cormac McCarthy') ON CONFLICT (name) DO NOTHING;
INSERT INTO books (year_of_release, created_date, id, last_modified_date, description, condition, isbn, title) VALUES (2006, NOW(), '019e0012-0000-7000-b000-000000000001', NOW(), 'Post-apocalyptic novel.', 'USED', '9780000000012', 'The Road') ON CONFLICT (id) DO NOTHING;
INSERT INTO books_authors (author_id, book_id) SELECT '019e0012-0000-7000-a000-000000000001', '019e0012-0000-7000-b000-000000000001' WHERE NOT EXISTS (SELECT 1 FROM books_authors WHERE author_id='019e0012-0000-7000-a000-000000000001' AND book_id='019e0012-0000-7000-b000-000000000001');
INSERT INTO offers (price, book_id, created_date, id, last_modified_date, seller_id, description, status, type) VALUES (170.00, '019e0012-0000-7000-b000-000000000001', NOW(), '019e0012-0000-7000-e000-000000000001', NOW(), '018d4f1a-5b03-71d4-a716-446655440001', 'Good condition book', 'OPEN', 'SELL') ON CONFLICT (id) DO NOTHING;
INSERT INTO authors (created_date, id, last_modified_date, name) VALUES (NOW(), '019e0013-0000-7000-a000-000000000001', NOW(), 'Yuval Noah Harari') ON CONFLICT (name) DO NOTHING;
INSERT INTO books (year_of_release, created_date, id, last_modified_date, description, condition, isbn, title) VALUES (2011, NOW(), '019e0013-0000-7000-b000-000000000001', NOW(), 'Brief history of humankind.', 'AS_NEW', '9780000000013', 'Sapiens') ON CONFLICT (id) DO NOTHING;
INSERT INTO books_authors (author_id, book_id) SELECT '019e0013-0000-7000-a000-000000000001', '019e0013-0000-7000-b000-000000000001' WHERE NOT EXISTS (SELECT 1 FROM books_authors WHERE author_id='019e0013-0000-7000-a000-000000000001' AND book_id='019e0013-0000-7000-b000-000000000001');
INSERT INTO offers (price, book_id, created_date, id, last_modified_date, seller_id, description, status, type) VALUES (180.00, '019e0013-0000-7000-b000-000000000001', NOW(), '019e0013-0000-7000-e000-000000000001', NOW(), '018d4f1a-5b03-71d4-a716-446655440001', 'Good condition book', 'OPEN', 'SELL') ON CONFLICT (id) DO NOTHING;
INSERT INTO authors (created_date, id, last_modified_date, name) VALUES (NOW(), '019e0014-0000-7000-a000-000000000001', NOW(), 'James Clear') ON CONFLICT (name) DO NOTHING;
INSERT INTO books (year_of_release, created_date, id, last_modified_date, description, condition, isbn, title) VALUES (2018, NOW(), '019e0014-0000-7000-b000-000000000001', NOW(), 'Guide to building good habits.', 'NEW', '9780000000014', 'Atomic Habits') ON CONFLICT (id) DO NOTHING;
INSERT INTO books_authors (author_id, book_id) SELECT '019e0014-0000-7000-a000-000000000001', '019e0014-0000-7000-b000-000000000001' WHERE NOT EXISTS (SELECT 1 FROM books_authors WHERE author_id='019e0014-0000-7000-a000-000000000001' AND book_id='019e0014-0000-7000-b000-000000000001');
INSERT INTO offers (price, book_id, created_date, id, last_modified_date, seller_id, description, status, type) VALUES (190.00, '019e0014-0000-7000-b000-000000000001', NOW(), '019e0014-0000-7000-e000-000000000001', NOW(), '018d4f1a-5b03-71d4-a716-446655440001', 'Good condition book', 'OPEN', 'SELL') ON CONFLICT (id) DO NOTHING;
INSERT INTO authors (created_date, id, last_modified_date, name) VALUES (NOW(), '019e0015-0000-7000-a000-000000000001', NOW(), 'David Thomas') ON CONFLICT (name) DO NOTHING;
INSERT INTO books (year_of_release, created_date, id, last_modified_date, description, condition, isbn, title) VALUES (1999, NOW(), '019e0015-0000-7000-b000-000000000001', NOW(), 'Classic software engineering book.', 'AS_NEW', '9780000000015', 'The Pragmatic Programmer') ON CONFLICT (id) DO NOTHING;
INSERT INTO books_authors (author_id, book_id) SELECT '019e0015-0000-7000-a000-000000000001', '019e0015-0000-7000-b000-000000000001' WHERE NOT EXISTS (SELECT 1 FROM books_authors WHERE author_id='019e0015-0000-7000-a000-000000000001' AND book_id='019e0015-0000-7000-b000-000000000001');
INSERT INTO offers (price, book_id, created_date, id, last_modified_date, seller_id, description, status, type) VALUES (200.00, '019e0015-0000-7000-b000-000000000001', NOW(), '019e0015-0000-7000-e000-000000000001', NOW(), '018d4f1a-5b03-71d4-a716-446655440001', 'Good condition book', 'OPEN', 'SELL') ON CONFLICT (id) DO NOTHING;
INSERT INTO authors (created_date, id, last_modified_date, name) VALUES (NOW(), '019e0016-0000-7000-a000-000000000001', NOW(), 'Gang of Four') ON CONFLICT (name) DO NOTHING;
INSERT INTO books (year_of_release, created_date, id, last_modified_date, description, condition, isbn, title) VALUES (1994, NOW(), '019e0016-0000-7000-b000-000000000001', NOW(), 'Software design patterns reference.', 'USED', '9780000000016', 'Design Patterns') ON CONFLICT (id) DO NOTHING;
INSERT INTO books_authors (author_id, book_id) SELECT '019e0016-0000-7000-a000-000000000001', '019e0016-0000-7000-b000-000000000001' WHERE NOT EXISTS (SELECT 1 FROM books_authors WHERE author_id='019e0016-0000-7000-a000-000000000001' AND book_id='019e0016-0000-7000-b000-000000000001');
INSERT INTO offers (price, book_id, created_date, id, last_modified_date, seller_id, description, status, type) VALUES (210.00, '019e0016-0000-7000-b000-000000000001', NOW(), '019e0016-0000-7000-e000-000000000001', NOW(), '018d4f1a-5b03-71d4-a716-446655440001', 'Good condition book', 'OPEN', 'SELL') ON CONFLICT (id) DO NOTHING;
INSERT INTO books_images (created_date, last_modified_date, book_id, id, path) VALUES (NOW(), NOW(), '019e0000-0000-7000-b000-000000000001', '4aa4b8a5-8588-5c6b-8a90-5393cc5ce946', '/img/book/028d09aef7906c78c5f384805002e15361c3598ec9416c56cd30908c29e7970d.jpg') ON CONFLICT (path) DO NOTHING;
INSERT INTO books_images (created_date, last_modified_date, book_id, id, path) VALUES (NOW(), NOW(), '019e0001-0000-7000-b000-000000000001', 'a312bfe1-467f-5d0b-9c65-b6cc72f90bf4', '/img/book/1a579e553ad3e3c1cdac531f2ce6643b693f47f3a39c43a149e4c4f6467c8a8c.png') ON CONFLICT (path) DO NOTHING;
INSERT INTO books_images (created_date, last_modified_date, book_id, id, path) VALUES (NOW(), NOW(), '019e0002-0000-7000-b000-000000000001', 'f3c99d9b-76cd-5e4e-bd0e-9542f0fa9f1f', '/img/book/256b4414d8991e4ee343be023a7ef6e4687284283e2ac36905e60508f731f75e.jpg') ON CONFLICT (path) DO NOTHING;
INSERT INTO books_images (created_date, last_modified_date, book_id, id, path) VALUES (NOW(), NOW(), '019e0003-0000-7000-b000-000000000001', '6967432a-b2eb-5e6f-a8d2-048a592c3aeb', '/img/book/25b185a05c72ad1df850fabb3b5d4ef64fb7847740726a0eeab9fac7f77e87c8.jpg') ON CONFLICT (path) DO NOTHING;
INSERT INTO books_images (created_date, last_modified_date, book_id, id, path) VALUES (NOW(), NOW(), '019e0004-0000-7000-b000-000000000001', 'e23c53d3-6af4-5061-94d4-688a501053ec', '/img/book/27f819f519129ae48de8b19f2d7fbd86df09f1bed1ab7c8661b406b03d3d54b6.jpg') ON CONFLICT (path) DO NOTHING;
INSERT INTO books_images (created_date, last_modified_date, book_id, id, path) VALUES (NOW(), NOW(), '019e0005-0000-7000-b000-000000000001', '75eedbe1-0f8a-547c-81cd-23b52226323e', '/img/book/29298220e7448bf7baa8ffe74a281606c2abaf4ac70b8ffa3500135d5a48b9fd.jpg') ON CONFLICT (path) DO NOTHING;
INSERT INTO books_images (created_date, last_modified_date, book_id, id, path) VALUES (NOW(), NOW(), '019e0006-0000-7000-b000-000000000001', '2b22716d-8c88-53b4-b6a6-49b3e33ac935', '/img/book/42f68be39563d09b723e5287b4a0413c13ab2dfc5cbacf1bf11411686724fe02.jpg') ON CONFLICT (path) DO NOTHING;
INSERT INTO books_images (created_date, last_modified_date, book_id, id, path) VALUES (NOW(), NOW(), '019e0007-0000-7000-b000-000000000001', 'ac637365-550d-5b81-8f41-f1d843213952', '/img/book/44a2f652d01fec9b62a660b0dd6cc4b80e0e650f241a702866736aaeacb5fc5d.jpg') ON CONFLICT (path) DO NOTHING;
INSERT INTO books_images (created_date, last_modified_date, book_id, id, path) VALUES (NOW(), NOW(), '019e0008-0000-7000-b000-000000000001', '2866d32f-c27d-5479-aa23-db50e72ec2ea', '/img/book/493741e4ea480a6bdcae682680f0d26efd50cc95d82c42ce389c95af5af316fb.jpg') ON CONFLICT (path) DO NOTHING;
INSERT INTO books_images (created_date, last_modified_date, book_id, id, path) VALUES (NOW(), NOW(), '019e0009-0000-7000-b000-000000000001', 'dca3ad7a-351c-5220-afa1-1eac20b2d061', '/img/book/4dd2cec8c50441027a8e3ca4f332face0916f55b8f163709da7bb5c50051a68c.png') ON CONFLICT (path) DO NOTHING;
INSERT INTO books_images (created_date, last_modified_date, book_id, id, path) VALUES (NOW(), NOW(), '019e0010-0000-7000-b000-000000000001', '0b3aee20-9dcc-500d-9f98-10d0de4f030c', '/img/book/50463b0ce8ba467ff75a43197c2aac4220492096b3a5563776fce940d7f0f90f.png') ON CONFLICT (path) DO NOTHING;
INSERT INTO books_images (created_date, last_modified_date, book_id, id, path) VALUES (NOW(), NOW(), '019e0011-0000-7000-b000-000000000001', '52519f38-01b3-5893-a586-ea1b88f2b457', '/img/book/57ee8563a756ce6cde7a7365188ea286f2af52ce4188cc94ded4f7242771abf2.jpg') ON CONFLICT (path) DO NOTHING;
INSERT INTO books_images (created_date, last_modified_date, book_id, id, path) VALUES (NOW(), NOW(), '019e0012-0000-7000-b000-000000000001', 'a8ee443f-f4ff-56d7-ba6b-9ac8fe0baf67', '/img/book/59199e24225993aa495b07997f838fa0cfda1d966b170b53eceed28dc775bbe2.jpeg') ON CONFLICT (path) DO NOTHING;
INSERT INTO books_images (created_date, last_modified_date, book_id, id, path) VALUES (NOW(), NOW(), '019e0013-0000-7000-b000-000000000001', 'd3a543a0-0b2a-5312-adcb-5d5441523476', '/img/book/6c529c1ed18274f40ae4f0b7f38b6ae5883857912ff1dc1df96323081115c27c.jpg') ON CONFLICT (path) DO NOTHING;
INSERT INTO books_images (created_date, last_modified_date, book_id, id, path) VALUES (NOW(), NOW(), '019e0014-0000-7000-b000-000000000001', '5cd9b534-16fc-5e97-b9ec-123c85561092', '/img/book/7078c386c6fe666851b99580a78a415f992fb26bdac34fd11340161f10cede71.jpg') ON CONFLICT (path) DO NOTHING;
INSERT INTO books_images (created_date, last_modified_date, book_id, id, path) VALUES (NOW(), NOW(), '019e0015-0000-7000-b000-000000000001', 'e8f5d50e-2f65-5970-8066-300e1396452e', '/img/book/76ca64dc214ccba241f6964c286d8cf786995cd26a721449df587672900b75d7.jpg') ON CONFLICT (path) DO NOTHING;
INSERT INTO books_images (created_date, last_modified_date, book_id, id, path) VALUES (NOW(), NOW(), '019e0016-0000-7000-b000-000000000001', 'e0ceedc0-1707-5424-a964-b49a63f6f2fa', '/img/book/8a932d33a32a1ab08c94ce4e69f86009475f55371a0fd578bc292924ce820b08.png') ON CONFLICT (path) DO NOTHING;
INSERT INTO books_images (created_date, last_modified_date, book_id, id, path) VALUES (NOW(), NOW(), '019e0000-0000-7000-b000-000000000001', '3db766b1-7260-590f-adb1-e30eab02c0da', '/img/book/91249edf827d2b263895aa9d8737a95b9a96a3e5a4744a58fa5d926dacdfcf34.jpg') ON CONFLICT (path) DO NOTHING;
INSERT INTO books_images (created_date, last_modified_date, book_id, id, path) VALUES (NOW(), NOW(), '019e0001-0000-7000-b000-000000000001', 'dbebfea9-7d9d-5609-b35c-6f37572082de', '/img/book/977a028d1544699545b71479a28905076bcd40962bc5309fb1237a61d11537e1.jpeg') ON CONFLICT (path) DO NOTHING;
INSERT INTO books_images (created_date, last_modified_date, book_id, id, path) VALUES (NOW(), NOW(), '019e0002-0000-7000-b000-000000000001', '65c68bcb-908a-5ba6-af40-470692fd3a8d', '/img/book/a03e52e89ea224c34a07bebf75aba9297805b63e3228909940de64512c9178ee.jpg') ON CONFLICT (path) DO NOTHING;
INSERT INTO books_images (created_date, last_modified_date, book_id, id, path) VALUES (NOW(), NOW(), '019e0003-0000-7000-b000-000000000001', 'c8a6817e-f6e4-54f6-afe6-4af110b5e2de', '/img/book/a31065db9e56a1c7cc5252e397bcfdf7a99be6d8a6b16aa0f9838a6ebd6e6f8a.jpg') ON CONFLICT (path) DO NOTHING;
INSERT INTO books_images (created_date, last_modified_date, book_id, id, path) VALUES (NOW(), NOW(), '019e0004-0000-7000-b000-000000000001', 'f3b82e8d-4ef6-5372-bb6a-5675dab9175d', '/img/book/a4d08306a64ecaae85ce8945e945cfebb0a0136e66677e64b730aeee84dd4ca8.jpg') ON CONFLICT (path) DO NOTHING;
INSERT INTO books_images (created_date, last_modified_date, book_id, id, path) VALUES (NOW(), NOW(), '019e0005-0000-7000-b000-000000000001', '36966e51-cde7-5685-af18-5c3817c09052', '/img/book/a53a1aec599369cb20f762242c3d93fb4ff0f9c02e976568785bcd7fcc115c2c.jpg') ON CONFLICT (path) DO NOTHING;
INSERT INTO books_images (created_date, last_modified_date, book_id, id, path) VALUES (NOW(), NOW(), '019e0006-0000-7000-b000-000000000001', '6fcd1329-7629-50ba-9900-ff8c95a4cc20', '/img/book/a5d402684a030d7278cdb7db61b55d4361de643fa03bb6678e92013aefe6311c.png') ON CONFLICT (path) DO NOTHING;
INSERT INTO books_images (created_date, last_modified_date, book_id, id, path) VALUES (NOW(), NOW(), '019e0007-0000-7000-b000-000000000001', '09406736-33cf-53c0-97d1-de559e0b08f9', '/img/book/aa2f927bfd2b6687d9dbea3b3f65b8f9e2f62727a401e29d6cb0bf78be6498ba.jpg') ON CONFLICT (path) DO NOTHING;
INSERT INTO books_images (created_date, last_modified_date, book_id, id, path) VALUES (NOW(), NOW(), '019e0008-0000-7000-b000-000000000001', 'f76852c0-9445-5df6-a98a-2d5c71846998', '/img/book/aac41e7987c7e9d817f9a5ffa4f6368f0214a49a7e862e5ca0141608b8a39842.jpg') ON CONFLICT (path) DO NOTHING;
INSERT INTO books_images (created_date, last_modified_date, book_id, id, path) VALUES (NOW(), NOW(), '019e0009-0000-7000-b000-000000000001', '38eb48dd-314d-5526-944b-a6baefb9d190', '/img/book/b0e44106468addd3f09e664b00f880b704d9c242a0534c48e8c48b49f49c0e8a.jpg') ON CONFLICT (path) DO NOTHING;
INSERT INTO books_images (created_date, last_modified_date, book_id, id, path) VALUES (NOW(), NOW(), '019e0010-0000-7000-b000-000000000001', '93bbcdf0-3890-521a-8bd5-aa395a85b563', '/img/book/b5981ebcdf1d9725d528d463ee3969320449f58930a22555932238e6e431eb5f.jpg') ON CONFLICT (path) DO NOTHING;
INSERT INTO books_images (created_date, last_modified_date, book_id, id, path) VALUES (NOW(), NOW(), '019e0011-0000-7000-b000-000000000001', '5bf8cbcf-d332-513e-b91e-1b56ff3d0447', '/img/book/bb261b43cef43c6e038119e1ceb603bd4a7d952a19ef6df9bc59ac5d96df56bf.jpg') ON CONFLICT (path) DO NOTHING;
INSERT INTO books_images (created_date, last_modified_date, book_id, id, path) VALUES (NOW(), NOW(), '019e0012-0000-7000-b000-000000000001', '756eb904-7990-5153-b399-769404639a6b', '/img/book/c0e7ef812712919dab7632c494609bdb98f0cc8d52082951f13c25c8bfa5eee7.jpeg') ON CONFLICT (path) DO NOTHING;
INSERT INTO books_images (created_date, last_modified_date, book_id, id, path) VALUES (NOW(), NOW(), '019e0013-0000-7000-b000-000000000001', '34518171-149d-5b84-afb9-5db9022a9fa2', '/img/book/c1eb797eb386c81da6bee7bc76ded0ecbbf59621643475fcc19751c8d2a1f4e1.jpg') ON CONFLICT (path) DO NOTHING;
INSERT INTO books_images (created_date, last_modified_date, book_id, id, path) VALUES (NOW(), NOW(), '019e0014-0000-7000-b000-000000000001', '28cc0398-30b5-59e5-b823-c84a0ee764e6', '/img/book/c3977819314b79915eebfaa5de1358491b569d023f2ebb90a33c47e2b100ffd0.jpg') ON CONFLICT (path) DO NOTHING;
INSERT INTO books_images (created_date, last_modified_date, book_id, id, path) VALUES (NOW(), NOW(), '019e0015-0000-7000-b000-000000000001', '749a4bba-e5c3-5750-9644-8fb960b3ce93', '/img/book/c646cbfcfec8b0e9c0d1e370af2bb55f75ea5b14efd1f9f2d976a1367fd4cfcd.jpg') ON CONFLICT (path) DO NOTHING;
INSERT INTO books_images (created_date, last_modified_date, book_id, id, path) VALUES (NOW(), NOW(), '019e0016-0000-7000-b000-000000000001', '3e17ca25-32ec-573a-af4a-f2fc127fdb00', '/img/book/d038e8579b439d76b83aa99565b7981bd04c8617127687ef84b510261ad9e41e.jpg') ON CONFLICT (path) DO NOTHING;
INSERT INTO books_images (created_date, last_modified_date, book_id, id, path) VALUES (NOW(), NOW(), '019e0000-0000-7000-b000-000000000001', '03c41218-d683-5e56-8d75-716e40bf1908', '/img/book/d13a489d895d03480813f8b6de84607f3a852da9d53a1b286c85b27bba6bbf0f.jpg') ON CONFLICT (path) DO NOTHING;
INSERT INTO books_images (created_date, last_modified_date, book_id, id, path) VALUES (NOW(), NOW(), '019e0001-0000-7000-b000-000000000001', '06836fed-f8d1-5d9b-8790-8a54cf2aeaed', '/img/book/d3026261974f4dfb1c764019329498ff8d05a214d421b1cbeaa4db79ffd1c248.jpg') ON CONFLICT (path) DO NOTHING;
INSERT INTO books_images (created_date, last_modified_date, book_id, id, path) VALUES (NOW(), NOW(), '019e0002-0000-7000-b000-000000000001', '50d5c634-0bef-5927-8cd4-29e7c207d1c1', '/img/book/d4015f3a89b8c5468fb7dd8db132a9a3b41b21278faf8c150689fe62942cba88.jpg') ON CONFLICT (path) DO NOTHING;
INSERT INTO books_images (created_date, last_modified_date, book_id, id, path) VALUES (NOW(), NOW(), '019e0003-0000-7000-b000-000000000001', 'c1ef4238-a4f1-58cb-914a-f63f44aafe06', '/img/book/d46cf5ccbfdeea8d06971af962b12d853831275a9206fed1b3e636cd8ede6525.jpg') ON CONFLICT (path) DO NOTHING;
INSERT INTO books_images (created_date, last_modified_date, book_id, id, path) VALUES (NOW(), NOW(), '019e0004-0000-7000-b000-000000000001', '4eaa2df9-d488-504c-99b6-3d808d530e94', '/img/book/d6cb0fef4da57c35cb70e8cb84849a26fda68e5dab5dcb1998c60a594ecf6809.jpg') ON CONFLICT (path) DO NOTHING;
INSERT INTO books_images (created_date, last_modified_date, book_id, id, path) VALUES (NOW(), NOW(), '019e0005-0000-7000-b000-000000000001', '9e86a70f-36c0-5fb2-973b-1ed09b9b3663', '/img/book/d76ca820b3205a9c0d95a16e28d3657963b4a73ed91c5d7a4a389c0606abcedc.jpg') ON CONFLICT (path) DO NOTHING;
INSERT INTO books_images (created_date, last_modified_date, book_id, id, path) VALUES (NOW(), NOW(), '019e0006-0000-7000-b000-000000000001', '496ae685-341b-5715-b94e-457f3555d595', '/img/book/d9404c4c8d1d78df2c1a7122ef493288365b57d04c0e3655fcfaf01d0418b0b6.jpg') ON CONFLICT (path) DO NOTHING;
INSERT INTO books_images (created_date, last_modified_date, book_id, id, path) VALUES (NOW(), NOW(), '019e0007-0000-7000-b000-000000000001', '25dc14e4-da92-5064-b4ed-5e8dbe6796f0', '/img/book/da6fee191ae2b35061209f18cf90046f38d56da8a96d4706a2ef00d8aa9b3826.jpg') ON CONFLICT (path) DO NOTHING;
INSERT INTO books_images (created_date, last_modified_date, book_id, id, path) VALUES (NOW(), NOW(), '019e0008-0000-7000-b000-000000000001', '0134e135-5e78-5b43-a298-406a5cc044a0', '/img/book/e7774718c70d5e1f9539051f764dac7c7760aac2b358f3a5ff236261bcad4799.jpg') ON CONFLICT (path) DO NOTHING;
INSERT INTO books_images (created_date, last_modified_date, book_id, id, path) VALUES (NOW(), NOW(), '019e0009-0000-7000-b000-000000000001', '36252a11-6a1d-5830-8cb4-e7259c06a98e', '/img/book/ea215fe9be9fbc5f39140a8e5e2aa07883814d3366fdc7a25e7963f50f33e2c8.jpg') ON CONFLICT (path) DO NOTHING;
INSERT INTO books_images (created_date, last_modified_date, book_id, id, path) VALUES (NOW(), NOW(), '019e0010-0000-7000-b000-000000000001', 'fda9dbdc-0781-55c0-920e-bb8d28a3fc11', '/img/book/ed75dab78c573f39bd1701df6c3cc5dbab90092ea528a38e2fbca9ce70871036.jpg') ON CONFLICT (path) DO NOTHING;
INSERT INTO books_images (created_date, last_modified_date, book_id, id, path) VALUES (NOW(), NOW(), '019e0011-0000-7000-b000-000000000001', '14eb6831-1a66-5615-aa1b-9e1c321ee284', '/img/book/f114d86ee850a91583015144764fca1a7f04cb76a01d0f87dd5f054315e7c0cb.jpg') ON CONFLICT (path) DO NOTHING;
INSERT INTO books_images (created_date, last_modified_date, book_id, id, path) VALUES (NOW(), NOW(), '019e0012-0000-7000-b000-000000000001', '3a963fe9-c7e6-5caf-be83-2ffb440100dc', '/img/book/f25098f11732417f9c480bc97f29479a87b08bc8974eb88b4b00308f8335389a.jpg') ON CONFLICT (path) DO NOTHING;
INSERT INTO books_images (created_date, last_modified_date, book_id, id, path) VALUES (NOW(), NOW(), '019e0013-0000-7000-b000-000000000001', 'ed99ba30-77ce-50f6-9f46-1ba54bd62688', '/img/book/f744b717433fe4a961fb6ff68cb29e1a3f68188097b7b63af1f812eee4bb493b.jpg') ON CONFLICT (path) DO NOTHING;
INSERT INTO books_images (created_date, last_modified_date, book_id, id, path) VALUES (NOW(), NOW(), '019e0014-0000-7000-b000-000000000001', 'c0879f6f-d05f-56e5-93de-219626536cb4', '/img/book/f870bb3a8595c31f13df1ecfe782ed8c86e5507fe76d3a12598508c7a113225e.jpg') ON CONFLICT (path) DO NOTHING;
INSERT INTO books_images (created_date, last_modified_date, book_id, id, path) VALUES (NOW(), NOW(), '019e0015-0000-7000-b000-000000000001', '66787ab1-0110-5da3-ae1e-20231d79895e', '/img/book/fae18559a18c5026db7031f73d0dbe8859b691c1b49d7413b9fcc33b7653a947.jpg') ON CONFLICT (path) DO NOTHING;
INSERT INTO books_images (created_date, last_modified_date, book_id, id, path) VALUES (NOW(), NOW(), '019e0016-0000-7000-b000-000000000001', 'ea8dc04a-f518-56d5-8c18-39db0e23dd98', '/img/book/fb7ea7537e3d02d01ec50d53363c64e7247c0fc4c28856d8686abe5e3e0d91a8.jpg') ON CONFLICT (path) DO NOTHING;
